publication_id	doi	doi_url
PUB-6f276717e52963fb9244fff3d14be2e722669efb9928848e9007de8e7b8031a4	10.1002/advs.202400227	https://doi.org/10.1002/advs.202400227
PUB-5cda656f99cc841c02779f3ce841209d8b1c41c7b5791350784ea3bce6474fe4	10.1002/advs.202406333	https://doi.org/10.1002/advs.202406333
PUB-e8da632bbcfc38a38f9b087e59a9b2ba104825c2debd2cba011d08f0733f4835	10.1002/advs.202414141	https://doi.org/10.1002/advs.202414141
PUB-6903b34c5a2b3c3884632a1e6dd71338f1123b5bb5c3ee9344e4b20ab3dfcbe1	10.1002/ctm2.70740	https://doi.org/10.1002/ctm2.70740
PUB-fee201116f8fbfd099ba552bf9a3a8a7829256f07fc883396df2fed199c0af63	10.1002/imt2.70048	https://doi.org/10.1002/imt2.70048
PUB-40baab5ec6402480e047d4b492377fc93f8101d72e274087211497a26ceedf5b	10.1002/pmic.202200432	https://doi.org/10.1002/pmic.202200432
PUB-d519eb1ee48519c8a46959f244d1bafe2c4133d08740e9401186765e4033d720	10.1002/pmic.202200437	https://doi.org/10.1002/pmic.202200437
PUB-88e0b0fbdb9ccf535a833aaaefb25a035ecbc6a2fa95e617fa36293a3280797c	10.1002/pmic.202300185	https://doi.org/10.1002/pmic.202300185
PUB-f1d4ef9741a93baf27a46fb1c7300839f60870a4b905711318c77ca2a1491d03	10.1002/prca.202400061	https://doi.org/10.1002/prca.202400061
PUB-a1b73e4793a764ab05cdfe79ebd93f5fc914b7b37f966f4e0dc4cbbcad0a4bda	10.1007/s00125-024-06156-x	https://doi.org/10.1007/s00125-024-06156-x
PUB-43f022eb98e30d4976c9f112224c95c5db8455dc0bf48ba09bd4e1b9638f793d	10.1007/s10565-026-10165-4	https://doi.org/10.1007/s10565-026-10165-4
PUB-66b51863e5c4f7830c4ddadfbdca1428ed67d492f6cfe1f8e78a855ea0c8c6ca	10.1007/s10571-022-01277-6	https://doi.org/10.1007/s10571-022-01277-6
PUB-22e37974deaf21bbb101a867245d92a52a1f38d79c387f7733f9bc4b073b4aa4	10.1007/s11427-023-2361-1	https://doi.org/10.1007/s11427-023-2361-1
PUB-3fb316bc82d37d3a81334cdfc0d57fabf670c4a24947ecb172ddce0e7856a996	10.1016/j.bbadis.2024.167356	https://doi.org/10.1016/j.bbadis.2024.167356
PUB-79494ec0fdb204c99438e549cb39b3aebe00f64f911ec65cb7fca87b0db52f4e	10.1016/j.canlet.2025.218230	https://doi.org/10.1016/j.canlet.2025.218230
PUB-2d941efbf2c9b5689650afb6a4aa584fa33619bbc633578c6d94d2d7134e755b	10.1016/j.cell.2024.04.002	https://doi.org/10.1016/j.cell.2024.04.002
PUB-4c901df5a4ce8e5c0613c858d7dc89215bd8159343b59c72e62b0a8c8aea0e36	10.1016/j.cellsig.2024.111228	https://doi.org/10.1016/j.cellsig.2024.111228
PUB-d41860b93a81a395d0e78629bff75c8da483ca9f807556a9f28f3b972b7f8c66	10.1016/j.celrep.2025.115774	https://doi.org/10.1016/j.celrep.2025.115774
PUB-76e26e81fea1a81c8df85ca1a5b21453fd8172523aa3b0573712d03d17c89ec0	10.1016/j.cmet.2024.11.005	https://doi.org/10.1016/j.cmet.2024.11.005
PUB-44a618338ecbb668b431752ed6101d33d324bc2760aa06e9fa1363aca753c187	10.1016/j.drup.2025.101346	https://doi.org/10.1016/j.drup.2025.101346
PUB-4704c5f5f8954a510f03dc13c85f268606d63c56becc472674d5b292e97e6471	10.1016/j.gpb.2022.09.010	https://doi.org/10.1016/j.gpb.2022.09.010
PUB-6b04b6a260bb20be11432795e9dff747d48e579a91e04f738f43fd38eaa356ab	10.1016/j.ijbiomac.2025.146571	https://doi.org/10.1016/j.ijbiomac.2025.146571
PUB-7bad6e6ed0de0ab3b946f86bb32a6c5bbb9fc496a6e031e0bc879cb1e930d7a8	10.1016/j.isci.2022.104630	https://doi.org/10.1016/j.isci.2022.104630
PUB-6cc36e52d59f167b86a88bb6db5e731f9f7fd5268045e1453e5f6ff3f4d70996	10.1016/j.isci.2023.108645	https://doi.org/10.1016/j.isci.2023.108645
PUB-30429c81871aea793947c8b65975cfd35e23a4f336cc0cf64b66672f29bb23a6	10.1016/j.isci.2024.110188	https://doi.org/10.1016/j.isci.2024.110188
PUB-f4749c3177b62be3829a0a8e6348fa88cf2e5bc000fae42eeb4c1ed48c6547f9	10.1016/j.isci.2024.110606	https://doi.org/10.1016/j.isci.2024.110606
PUB-4ea8932f87063b2c3d3ff5ccc007da69fd6d8649aa4aa93f8f4587e42e94f0e1	10.1016/j.isci.2024.110911	https://doi.org/10.1016/j.isci.2024.110911
PUB-3e4d6179e8491d47c7b59786161ad3d54b69bf01d520943163d47f596a672520	10.1016/j.isci.2024.111157	https://doi.org/10.1016/j.isci.2024.111157
PUB-0c5269bea66c5a61e4acbdbdf13ab1b50d8d4b665d439f9e4782c08902b2b665	10.1016/j.jbc.2026.111374	https://doi.org/10.1016/j.jbc.2026.111374
PUB-95ac4693ef25ec3d54e305bf1b8b337ff5cfb84ee2a9c3cc8e4f2cc0fd28bbf6	10.1016/j.jgg.2024.02.009	https://doi.org/10.1016/j.jgg.2024.02.009
PUB-c115502fbf05298763565eff212f7013333e361feeae3e4ba2c5331c739d1fdc	10.1016/j.mcpro.2025.101439	https://doi.org/10.1016/j.mcpro.2025.101439
PUB-8c36e685865e5c3dd153f688dccb3a3932644bc23de158b61d98f1f357ade00f	10.1016/j.mcpro.2026.101561	https://doi.org/10.1016/j.mcpro.2026.101561
PUB-33740372acee539ae4ae78d1daf7835c59156a892f0d9fe8c1de9ab3c0a94cca	10.1016/j.mcpro.2026.101601	https://doi.org/10.1016/j.mcpro.2026.101601
PUB-c43fb0baeed719784dc3f84ade2a53f0a77a0782d42819201e351569d1948d13	10.1016/j.meatsci.2025.109963	https://doi.org/10.1016/j.meatsci.2025.109963
PUB-69834e6d35baf0e61506355ace81d1e9094a12548a8d944ddccd536f3b7fe0de	10.1016/j.meatsci.2026.110139	https://doi.org/10.1016/j.meatsci.2026.110139
PUB-aac1196951d762aab2e0a0af82e884ead0637398c21ed11eb31553ac03c7ec71	10.1016/j.micpath.2025.108198	https://doi.org/10.1016/j.micpath.2025.108198
PUB-5f8e6a4ab573527823e4414849db73d8d823920e94a31e92a0ba849ac21ab470	10.1016/j.molcel.2025.06.017	https://doi.org/10.1016/j.molcel.2025.06.017
PUB-8b375627487bab010d08ed29b614774f75dffa2e1fec364db3741e31103436ff	10.1021/acs.jafc.1c00760	https://doi.org/10.1021/acs.jafc.1c00760
PUB-41071a05f7ff8a71e41ec6948570b807f76d1d9fe35eb32146beb6ed054202fb	10.1021/acs.jafc.4c01800	https://doi.org/10.1021/acs.jafc.4c01800
PUB-fb3fbb37cadd4c4869c0867682c8815b9e2df12354d5578d46f132db2de3d45f	10.1021/acs.jafc.5c02106	https://doi.org/10.1021/acs.jafc.5c02106
PUB-463111637a355442795d7811e545bd1d5a49bf5a3544d0f523959059ede74df9	10.1021/acs.jproteome.2c00756	https://doi.org/10.1021/acs.jproteome.2c00756
PUB-105301f647e12cb351254ff742dee178da66e5442e22f9269b7d04fbc93beabd	10.1021/acs.jproteome.3c00156	https://doi.org/10.1021/acs.jproteome.3c00156
PUB-8ae2bdfb9555a0f5fe76723adc0d414d19340be80a37cecbb32c7195c33f0646	10.1021/acs.jproteome.3c00901	https://doi.org/10.1021/acs.jproteome.3c00901
PUB-87e3342a65be79eb684130bfc90eea402cc65ae87749e6f305d46a81f14dcbbc	10.1021/acschembio.5c00270	https://doi.org/10.1021/acschembio.5c00270
PUB-27e80b09296e0ff12ffac54b082e4b46338b26b19f83cf0934de00063a619322	10.1021/jasms.4c00366	https://doi.org/10.1021/jasms.4c00366
PUB-0b31331de0c8913380283290fca3126a2a970d8ad4c874fc6aaf8ef76b2c606f	10.1038/s41392-025-02302-y	https://doi.org/10.1038/s41392-025-02302-y
PUB-3e3ea6235054005cc4d014760e615e0b5920d7a1049001507087fb59a1747afb	10.1038/s41418-024-01408-0	https://doi.org/10.1038/s41418-024-01408-0
PENDING-PUB-aaf81f87b78d47223f652ba96baf89a5e7c9f3d5dc29e39e3e1fcb1518f68573	10.1038/s41419-026-09031-2	https://doi.org/10.1038/s41419-026-09031-2
PUB-e1e0493d41feadacea2c0103fb0faa688e9e96e7a692302eb6163e92198ecde3	10.1038/s41421-025-00829-6	https://doi.org/10.1038/s41421-025-00829-6
PUB-f4e9a8def716ec7b9ac035266e899eb08ce63349e1fff0b315ed9bc977d4729e	10.1038/s41467-022-34399-y	https://doi.org/10.1038/s41467-022-34399-y
PUB-1bb789dfbf612d65b653c1b5898aa936bc5ece0a2db7ceeacbfd41b7a91f20a9	10.1038/s41467-024-47900-6	https://doi.org/10.1038/s41467-024-47900-6
PUB-68af750c857679dfc6ec3dca38b8a5f2b4f42b94ed3fcbadc7f622415ac99cd8	10.1038/s41467-024-55165-2	https://doi.org/10.1038/s41467-024-55165-2
PUB-e59c647867bb71b831a75678da06fe61936a5c0d7491fe72bc0a03cea0ee7e43	10.1038/s41467-024-55589-w	https://doi.org/10.1038/s41467-024-55589-w
PUB-8c890e58e498d54849d362f1f9d738809e384b45a295d999db92cfddb0e14dbe	10.1038/s41586-019-1678-1	https://doi.org/10.1038/s41586-019-1678-1
PUB-facbb1ed5e3795ade6148c4282124969e8ced5b9a5e246958a122f6296006bc6	10.1038/s41586-024-07992-y	https://doi.org/10.1038/s41586-024-07992-y
PUB-688d381a8b306ec785a65cad9664e08bdbe1870a35d15fef65f8798d117c9243	10.1038/s41590-025-02178-8	https://doi.org/10.1038/s41590-025-02178-8
PUB-6987cee1415ebe47b3f56fe62df6c8bb31791e3dc1fc6dfc10e40b03d914b70e	10.1038/s41592-022-01523-1	https://doi.org/10.1038/s41592-022-01523-1
PUB-96bd425dae4dd588a48bc65b910a55e7628dbd6a9515241453f16ba3f7af18f7	10.1038/s41598-025-09937-5	https://doi.org/10.1038/s41598-025-09937-5
PUB-5c65bfb06dbb8d563310111cbc673975d45b0e1df72cbdb25e7d18e44c7a84a4	10.1038/s41598-026-43771-7	https://doi.org/10.1038/s41598-026-43771-7
PUB-145f19227da3758f64b0afdebe9effa4ed8849681851adefa1c4a561908592a8	10.1038/s42003-026-09934-y	https://doi.org/10.1038/s42003-026-09934-y
PUB-802dc8e8b26560e7b5bbaec74faedb6913db14a50b5cba3ede7065740763573f	10.1038/s42003-026-10103-4	https://doi.org/10.1038/s42003-026-10103-4
PUB-1415df72dba513b53efff1f07890fa8d87609630b7c73c11d97efcaa419f8cfb	10.1038/s42255-022-00710-w	https://doi.org/10.1038/s42255-022-00710-w
PUB-8c196a84667ec11a1c4e9ae6a50cd033d5d8d48623572ce2d12591bcd99acb3d	10.1039/d2sc00918h	https://doi.org/10.1039/d2sc00918h
PUB-2be322a805374dbc9d66d2f30a9b5d332c82b0974f47b86fe53b14cccc152850	10.1073/pnas.2314128121	https://doi.org/10.1073/pnas.2314128121
PUB-b23497870b9b2cf163b08c6007ec0873aea30d9602ae6b996f4497b81a6fb7ea	10.1073/pnas.2404899122	https://doi.org/10.1073/pnas.2404899122
PUB-7a808af67f8fc90287e8fa258855a289c2deb691e3d729346d6a6ed93d602d22	10.1080/22221751.2025.2475838	https://doi.org/10.1080/22221751.2025.2475838
PUB-4eca7f15bf36f4c3832272d7e9bb54acba2bf41e40e3ccfb8fb69df7884207fc	10.1093/gpbjnl/qzaf073	https://doi.org/10.1093/gpbjnl/qzaf073
PUB-6cfa27cc2ceb8f95760147e67dd072767fd4c591c9c3719098ad22de11386c96	10.1096/fj.202402430RR	https://doi.org/10.1096/fj.202402430RR
PUB-c18dd8c27eb8017b9fe9dbeb205f0548d98601c259c118525cfd33318e58a43f	10.1101/2024.07.19.604361	https://doi.org/10.1101/2024.07.19.604361
PUB-bc9884337e76785a5129915bf2b09ca56de1e29049b90c94e8f0c7df0d836f0b	10.1126/sciadv.adh4655	https://doi.org/10.1126/sciadv.adh4655
PUB-ad57d2417e63f30ddc8a6a27db8d71d78f65f498ff614345a209063dee015148	10.1126/sciadv.ads6215	https://doi.org/10.1126/sciadv.ads6215
PUB-c94ba4e2e56887b111e63b13477a368fa4ea43133a784954dfcc869d063f21af	10.1126/scisignal.adg1849	https://doi.org/10.1126/scisignal.adg1849
PUB-f2b71ef4a1e85b115a742bcf19b67f1e9ecd8e275237ab903769a37649d134cb	10.1128/mbio.02489-25	https://doi.org/10.1128/mbio.02489-25
PUB-a969c9bd6af3d3469fc639df21c7edea1940e7f0b372ec771d31166a6a2cff0c	10.1128/spectrum.00810-25	https://doi.org/10.1128/spectrum.00810-25
PUB-021d0fc54f64bdb7a2469d4c2a481fe94c5b661cddfaafe7d7d879a612a3f455	10.1155/jdr/3543697	https://doi.org/10.1155/jdr/3543697
PUB-9853817eaa09cd5a4e5f417eaa19809eaa62f59311c9fe3929d7c17ab7a6abd6	10.1158/0008-5472.can-25-5662	https://doi.org/10.1158/0008-5472.can-25-5662
PUB-2083d9763378da2f4da5d55ebacc2175c4630cf9de7186d6cbc3212ddb7a20de	10.1161/CIRCRESAHA.124.325708	https://doi.org/10.1161/CIRCRESAHA.124.325708
PUB-1e1e9a396644a78ef8829ba19968589f83fd006f3d5e6503136c9157c7c0135f	10.1186/s10020-025-01201-w	https://doi.org/10.1186/s10020-025-01201-w
PUB-4acce14449e4cae8fd9bf342d74de27148ffcdac9268ea1e3505c4ee4a018ab3	10.1186/s12014-025-09575-z	https://doi.org/10.1186/s12014-025-09575-z
PUB-cf512da0da572e7cb481c64bc7475d61df41a8007b1a7b925afbfeafa84adf8f	10.1186/s12864-026-13200-0	https://doi.org/10.1186/s12864-026-13200-0
PUB-c1e264fa98cf2e7ffc2a534052e4a23dcdb2d790b232445f8ada085ecefbb753	10.1186/s12943-024-02199-1	https://doi.org/10.1186/s12943-024-02199-1
PUB-565015d3c0c4f2a99db13dee699dbf95ce8010aba73d99c5abffe4b37c43fde8	10.1186/s12943-025-02392-w	https://doi.org/10.1186/s12943-025-02392-w
PUB-8adc06ddbc74240ef7244b9507f58841fd35dbf87c55882b0bbf772dd4644c9d	10.1186/s12943-026-02755-x	https://doi.org/10.1186/s12943-026-02755-x
PUB-113f65e55adc1343c8b7fbf869483c5824cb25c010531995b6748527793cd8b1	10.1186/s12957-026-04201-0	https://doi.org/10.1186/s12957-026-04201-0
PUB-fabba33170620d9bdb0524c6be764d376921dde7e6c2ee3496e9318fe840d8ed	10.1186/s12967-026-08070-9	https://doi.org/10.1186/s12967-026-08070-9
PUB-6b2bf460e6eb445eb2102354f88a188841384ffba216573899493d2b29e227b8	10.1186/s13046-025-03512-6	https://doi.org/10.1186/s13046-025-03512-6
PUB-ae11dc835e679c6e9dd16d8007f86bdd56f6b41e85e331564be24c78beb603be	10.1186/s13048-025-01762-8	https://doi.org/10.1186/s13048-025-01762-8
PUB-05ad04f3eff795fe1b92b783a3eca386fb21eb4ca00fb4d22d5f64050a883d7f	10.1186/s13068-022-02152-8	https://doi.org/10.1186/s13068-022-02152-8
PUB-4b4aa343c29c9afb7f40d2d6385055545ef88253d04cacf0867c8d463b91cc7d	10.1186/s13287-024-04027-1	https://doi.org/10.1186/s13287-024-04027-1
PUB-0bb6bf65473e1e7a9af741789b1d8428db11eb00cc0ad17907c4b95a44398bcf	10.1371/journal.pgen.1011991	https://doi.org/10.1371/journal.pgen.1011991
PUB-2ade1a2fc4e0f5e2e1090d2d9ed2fb08b7a6de6669ed98cc7c1815307b42a1fe	10.1371/journal.pgen.1012100	https://doi.org/10.1371/journal.pgen.1012100
PUB-83e6f061f2840b50ebb1dbb8696cee73bb7c5a2ee9f1159d4255787f5ce3d340	10.15252/embr.202256052	https://doi.org/10.15252/embr.202256052
PUB-8e7a195b81003f1d8e09fcb61217e404bec502af786cdeb2128e3c92c84b2fe6	10.21203/rs.3.rs-2901339/v1	https://doi.org/10.21203/rs.3.rs-2901339/v1
PUB-177074b2afd64e9358c7ab6a60eb537743ad640dfc2d57ab1cbeddd32a57573d	10.21873/anticanres.18138	https://doi.org/10.21873/anticanres.18138
PUB-d2a6e3795649fff5fac0589233598b8dba5e7f8e7cba75a2a3532416570f9688	10.21873/cgp.20547	https://doi.org/10.21873/cgp.20547
PUB-536bed56b51849d9daa57b77afe138c717f118c1e455d0431c77997d86cbb0f2	10.3389/fcell.2021.719720	https://doi.org/10.3389/fcell.2021.719720
PUB-3f32712ab4174d5f23e6f5d0f1e2b32c7d46a27c6dddc6ccead221293280d009	10.3389/fcell.2024.1472338	https://doi.org/10.3389/fcell.2024.1472338
PUB-f49106b83725baac1dbc8e09ce4c3745f7dac24942f25e5e541f6039747d31bf	10.3389/fcell.2025.1550220	https://doi.org/10.3389/fcell.2025.1550220
PUB-217bf1ba69dde47961b9d18cfa49addf62255f2dbdbeb9955e1b63feaa5da5f1	10.3389/fcimb.2026.1706727	https://doi.org/10.3389/fcimb.2026.1706727
PUB-e5971616bf43945fdfea57efcd844e77d4c3aa0a44726d280be5873eb59f775a	10.3389/fcvm.2025.1644886	https://doi.org/10.3389/fcvm.2025.1644886
PUB-44d6d59f3e3b56671d3cc652e2e5833ce1bbd35a37b8a173e5d259855527673f	10.3389/fendo.2026.1791920	https://doi.org/10.3389/fendo.2026.1791920
PUB-6149734f81e806e987ddfd2427790df12f2a838c44f8bab790ea6d71eb38bd7f	10.3389/fgene.2022.1014225	https://doi.org/10.3389/fgene.2022.1014225
PUB-777d1bf86224965ec45730d55cb57c7f12958dfceea053acc28c2ae2879211d8	10.3389/fmicb.2020.594743	https://doi.org/10.3389/fmicb.2020.594743
PUB-62f5f77e76ce65f4553daac87c89997b3a2caeb4be44e4346fd7c57939f1208b	10.3389/fneur.2025.1629474	https://doi.org/10.3389/fneur.2025.1629474
PUB-9297082897e1ff915da87d2e8e18a0b98a47deb05a562bf499c9adad35261e63	10.3389/fonc.2025.1599183	https://doi.org/10.3389/fonc.2025.1599183
PUB-ac92c8e6200dc8591260e805e5570e7da869a86cd43811de69dbb24c4b8565fb	10.3389/fphar.2026.1717779	https://doi.org/10.3389/fphar.2026.1717779
PUB-d4db44a2212ea4948b2ad65e2c5407890ddeca0f8eac92fa2145d92af0f38384	10.3390/ani16142228	https://doi.org/10.3390/ani16142228
PUB-e1ecdbb0b73cd97681ca1d933990133158160a8b423be3b274577092197334a5	10.3390/cimb45100532	https://doi.org/10.3390/cimb45100532
PUB-c9700b2721809be0138a7cc1373bf806f34d799f541dbf384a6ae711e7398949	10.3390/ijms242216195	https://doi.org/10.3390/ijms242216195
PUB-c5d6f9e24299e6b11ebc4dddecc42bbe5e1db0f48b6c19aa0abe6587f226eb72	10.3390/jcdd13070297	https://doi.org/10.3390/jcdd13070297
PUB-123cbf05ac16a74571f42b9346175ff6780a2162669b3598dd552014083b981a	10.3390/microorganisms14040926	https://doi.org/10.3390/microorganisms14040926
PUB-a870db022cf7646c0c37db0daf48902eb0c751b083a0cc1d5bdf952540c01026	10.34133/research.1271	https://doi.org/10.34133/research.1271
PUB-6a1fff2c69e42ad4192a0c612bf2d2a31e7fdc9c64b58e01d621a8e869a4881e	10.34133/research.1321	https://doi.org/10.34133/research.1321
PUB-1ae3a723904ed49cc7f9ceab607cf1aeea0e486bb40ed9f7665563ea4feaeddf	10.3892/ijo.2025.5739	https://doi.org/10.3892/ijo.2025.5739
PUB-c1a01a58f1ece3efc75105987a3dbcc0a152a0036f541f3e79a399921c5af869	10.7150/thno.96375	https://doi.org/10.7150/thno.96375
